{
  "small": {
    "Exact MIP": {
      "mean_tardiness": 341.9703548447834,
      "std_tardiness": 12.798882471432478,
      "mean_time": 0.011375154499546625,
      "mean_gap": 0.0
    },
    "Constructive Heuristic": {
      "mean_tardiness": 390.50821946031635,
      "std_tardiness": 11.22749453876142,
      "mean_time": 5.761949978477787e-05,
      "mean_gap": 14.476823319214658
    },
    "Genetic Algorithm": {
      "mean_tardiness": 387.49627371226654,
      "std_tardiness": 19.5031092220932,
      "mean_time": 0.00782099800017022,
      "mean_gap": 13.258023343063162
    },
    "Memetic Algorithm": {
      "mean_tardiness": 341.9703548447834,
      "std_tardiness": 12.798882471432478,
      "mean_time": 0.055164546000014525,
      "mean_gap": 0.0
    },
    "Ant Colony": {
      "mean_tardiness": 341.9703548447834,
      "std_tardiness": 12.798882471432478,
      "mean_time": 0.0177252835019317,
      "mean_gap": 0.0
    },
    "HEA-DRL": {
      "mean_tardiness": 341.9703548447834,
      "std_tardiness": 12.798882471432478,
      "mean_time": 0.061807549000150175,
      "mean_gap": 0.0
    }
  },
  "medium": {
    "Constructive Heuristic": {
      "mean_tardiness": 3482.71110013491,
      "std_tardiness": 567.6924336949724,
      "mean_time": 0.0002596975009510061,
      "mean_gap": 49.48190070605743
    },
    "Genetic Algorithm": {
      "mean_tardiness": 2954.612478217239,
      "std_tardiness": 143.37724882676957,
      "mean_time": 0.023384628000712837,
      "mean_gap": 27.969882299194616
    },
    "Memetic Algorithm": {
      "mean_tardiness": 2314.303609619804,
      "std_tardiness": 181.70197487884138,
      "mean_time": 1.0359646839988272,
      "mean_gap": 0.0
    },
    "Ant Colony": {
      "mean_tardiness": 2675.671072808278,
      "std_tardiness": 165.56495276485748,
      "mean_time": 0.11843232699902728,
      "mean_gap": 15.766455480310647
    },
    "HEA-DRL": {
      "mean_tardiness": 2571.8317960335266,
      "std_tardiness": 163.0532356711101,
      "mean_time": 1.052558922499884,
      "mean_gap": 11.260352184401487
    }
  },
  "large": {
    "Constructive Heuristic": {
      "mean_tardiness": 30656.79058951068,
      "std_tardiness": 6095.932864108077,
      "mean_time": 0.0007486065005650744,
      "mean_gap": 67.90440843206319
    },
    "Genetic Algorithm": {
      "mean_tardiness": 20981.3871105309,
      "std_tardiness": 5961.906114090661,
      "mean_time": 0.04245152650037198,
      "mean_gap": 12.086248747719797
    },
    "Memetic Algorithm": {
      "mean_tardiness": 18655.96825833157,
      "std_tardiness": 5088.0440230115555,
      "mean_time": 4.214001501499297,
      "mean_gap": 0.0
    },
    "Ant Colony": {
      "mean_tardiness": 24311.147066248832,
      "std_tardiness": 5615.200029425541,
      "mean_time": 0.30869409650040325,
      "mean_gap": 31.916319135723867
    },
    "HEA-DRL": {
      "mean_tardiness": 19388.414683904713,
      "std_tardiness": 5258.617894251939,
      "mean_time": 4.316523658000733,
      "mean_gap": 3.9721662115427536
    }
  }
}