{
  "epochs": 30,
  "loss": [
    0.4119883645820618,
    0.403970513343811,
    0.4033451554489136,
    0.402887624835968,
    0.4027247735595703,
    0.4023821932411194,
    0.40229343876838686,
    0.402202327709198,
    0.40231457766532897,
    0.40214574299812317,
    0.4020702594947815,
    0.402173313035965,
    0.40190298535346985,
    0.40188201172828675,
    0.401813244304657,
    0.4017330924701691,
    0.4017633964729309,
    0.4016593939781189,
    0.4017909139442444,
    0.4016295337772369,
    0.40160592836380005,
    0.4014955078315735,
    0.40138867665290834,
    0.4015672534942627,
    0.4014025786590576,
    0.40135228887557983,
    0.40131408759117126,
    0.4012738603115082,
    0.40127170738220214,
    0.4011724127292633
  ],
  "accuracy": [
    0.85858,
    0.859945,
    0.859945,
    0.859945,
    0.859945,
    0.859945,
    0.859945,
    0.859945,
    0.859945,
    0.859945,
    0.859945,
    0.859945,
    0.859945,
    0.859945,
    0.859945,
    0.859945,
    0.859945,
    0.859945,
    0.859945,
    0.859945,
    0.859945,
    0.859945,
    0.859945,
    0.859945,
    0.859945,
    0.859945,
    0.859945,
    0.859945,
    0.859945,
    0.859945
  ],
  "samples": 200000
}